customer_id,total_transactions,total_spending,average_transaction_amount,max_transaction_amount,active_cards,total_cards,fraud_transactions,fraud_rate,last_transaction_date,days_since_last_transaction,created_at
CUST_000001,4,367.46000000000004,91.86500000000001,195.05,0,1,0,0.0,2026-01-28,41,2026-03-10 09:14:49.979253
CUST_000002,13,2139.67,164.59,604.63,1,1,4,0.3076923076923077,2026-02-14,24,2026-03-10 09:14:49.980951
CUST_000003,2,329.4,164.7,286.81,0,1,1,0.5,2025-08-21,201,2026-03-10 09:14:49.982664
CUST_000004,8,2244.25,280.53125,1157.31,0,1,1,0.125,2026-03-09,1,2026-03-10 09:14:49.984317
CUST_000005,8,1161.46,145.1825,674.13,1,1,3,0.375,2026-02-21,17,2026-03-10 09:14:49.985834
CUST_000006,5,1178.3400000000001,235.66800000000003,460.81,1,1,2,0.4,2025-12-11,89,2026-03-10 09:14:49.987399
CUST_000007,14,2054.36,146.74,381.71,0,2,3,0.21428571428571427,2026-02-16,22,2026-03-10 09:14:49.989404
CUST_000008,17,2698.81,158.7535294117647,1023.37,2,2,2,0.11764705882352941,2026-02-10,28,2026-03-10 09:14:49.991434
CUST_000009,18,4416.329999999999,245.3516666666666,1181.29,2,2,3,0.16666666666666666,2026-02-09,29,2026-03-10 09:14:49.993044
CUST_000010,17,3647.58,214.5635294117647,1170.78,1,3,2,0.11764705882352941,2026-02-26,12,2026-03-10 09:14:49.994990
CUST_000011,18,5192.05,288.44722222222225,1249.05,3,3,4,0.2222222222222222,2026-02-24,14,2026-03-10 09:14:49.997222
CUST_000012,10,1673.19,167.31900000000002,456.43,0,2,1,0.1,2026-01-25,44,2026-03-10 09:14:49.998857
CUST_000013,7,1307.19,186.74142857142857,483.43,1,1,0,0.0,2026-03-08,2,2026-03-10 09:14:50.000352
CUST_000014,8,601.41,75.17625,151.84,0,1,1,0.125,2026-02-10,28,2026-03-10 09:14:50.001975
CUST_000015,6,889.84,148.30666666666667,414.68,1,1,1,0.16666666666666666,2026-02-25,13,2026-03-10 09:14:50.003518
CUST_000016,10,1147.46,114.74600000000001,382.4,1,1,2,0.2,2025-12-03,97,2026-03-10 09:14:50.005121
CUST_000017,8,1666.9699999999998,208.37124999999997,798.87,1,2,2,0.25,2026-01-23,46,2026-03-10 09:14:50.008447
CUST_000018,16,3505.2400000000002,219.07750000000001,1315.03,1,3,2,0.125,2026-01-22,47,2026-03-10 09:14:50.012053
CUST_000019,15,2232.27,148.818,1099.33,1,2,3,0.2,2026-03-05,5,2026-03-10 09:14:50.014750
CUST_000020,7,1698.75,242.67857142857142,816.87,1,2,0,0.0,2026-02-07,31,2026-03-10 09:14:50.016537
CUST_000021,9,2660.53,295.6144444444445,973.22,0,1,0,0.0,2026-02-07,31,2026-03-10 09:14:50.018076
CUST_000022,12,2654.25,221.1875,1053.84,2,3,3,0.25,2026-02-02,36,2026-03-10 09:14:50.019673
CUST_000023,1,43.73,43.73,43.73,0,1,0,0.0,2025-05-17,297,2026-03-10 09:14:50.021209
CUST_000024,16,1630.95,101.934375,192.18,2,2,1,0.0625,2026-03-06,4,2026-03-10 09:14:50.022737
CUST_000025,8,1274.55,159.31875,409.59,1,1,3,0.375,2026-01-03,66,2026-03-10 09:14:50.024712
CUST_000026,4,815.04,203.76,450.95,1,2,1,0.25,2026-02-22,16,2026-03-10 09:14:50.026553
CUST_000027,9,1129.03,125.44777777777777,196.82,1,2,1,0.1111111111111111,2026-02-11,27,2026-03-10 09:14:50.028270
CUST_000028,17,1719.5900000000001,101.15235294117647,278.12,3,3,0,0.0,2026-03-01,9,2026-03-10 09:14:50.029751
CUST_000029,4,389.94,97.485,142.57,0,1,0,0.0,2026-02-18,20,2026-03-10 09:14:50.031344
CUST_000030,10,2159.34,215.93400000000003,1436.27,2,2,0,0.0,2026-01-09,60,2026-03-10 09:14:50.032778
CUST_000031,4,1606.96,401.74,1456.78,1,1,3,0.75,2026-02-15,23,2026-03-10 09:14:50.034286
CUST_000032,6,1255.6599999999999,209.27666666666664,506.17,1,1,3,0.5,2025-12-23,77,2026-03-10 09:14:50.035774
CUST_000033,12,1845.44,153.78666666666666,413.05,2,2,0,0.0,2026-02-02,36,2026-03-10 09:14:50.037221
CUST_000034,7,969.47,138.49571428571429,194.72,1,1,2,0.2857142857142857,2026-01-08,61,2026-03-10 09:14:50.038660
CUST_000035,7,722.42,103.20285714285714,187.02,2,2,1,0.14285714285714285,2025-12-17,83,2026-03-10 09:14:50.040909
CUST_000036,7,405.48,57.925714285714285,106.86,0,1,1,0.14285714285714285,2026-01-15,54,2026-03-10 09:14:50.043209
CUST_000037,2,179.75,89.875,116.2,0,1,0,0.0,2025-06-21,262,2026-03-10 09:14:50.044830
CUST_000038,16,1864.13,116.508125,440.86,1,2,3,0.1875,2026-03-01,9,2026-03-10 09:14:50.046501
CUST_000039,7,1873.48,267.64,1081.96,0,1,2,0.2857142857142857,2026-02-06,32,2026-03-10 09:14:50.048119
CUST_000040,6,3166.41,527.735,1097.05,1,1,0,0.0,2026-03-09,1,2026-03-10 09:14:50.049611
CUST_000041,11,1737.1499999999999,157.92272727272726,314.3,2,2,2,0.18181818181818182,2026-02-19,19,2026-03-10 09:14:50.051098
CUST_000042,12,2592.83,216.06916666666666,1374.85,1,2,0,0.0,2026-03-03,7,2026-03-10 09:14:50.052752
CUST_000043,7,500.66999999999996,71.52428571428571,146.75,0,1,2,0.2857142857142857,2026-02-18,20,2026-03-10 09:14:50.054966
CUST_000044,9,3069.61,341.0677777777778,1312.22,0,1,0,0.0,2026-02-02,36,2026-03-10 09:14:50.059461
CUST_000045,4,261.49,65.3725,139.82,1,1,0,0.0,2026-02-11,27,2026-03-10 09:14:50.063224
CUST_000046,7,1329.06,189.8657142857143,750.01,1,1,0,0.0,2026-02-13,25,2026-03-10 09:14:50.065868
CUST_000047,10,1334.52,133.452,463.88,2,2,2,0.2,2026-01-17,52,2026-03-10 09:14:50.068068
CUST_000048,12,1386.0,115.5,214.26,1,1,0,0.0,2026-02-26,12,2026-03-10 09:14:50.070231
CUST_000049,17,1191.42,70.08352941176472,172.11,1,3,6,0.35294117647058826,2026-03-06,4,2026-03-10 09:14:50.073170
CUST_000050,5,613.97,122.79400000000001,192.41,1,1,0,0.0,2025-12-13,87,2026-03-10 09:14:50.075077
CUST_000051,2,125.56,62.78,91.05,1,1,0,0.0,2025-11-18,112,2026-03-10 09:14:50.076935
CUST_000052,19,4611.870000000001,242.73000000000005,1461.21,0,2,1,0.05263157894736842,2026-02-25,13,2026-03-10 09:14:50.078776
CUST_000053,13,2254.8500000000004,173.45000000000002,869.61,1,2,3,0.23076923076923078,2026-01-13,56,2026-03-10 09:14:50.080416
CUST_000054,15,1804.06,120.27066666666666,310.42,0,2,0,0.0,2026-03-05,5,2026-03-10 09:14:50.081949
CUST_000055,8,787.37,98.42125,187.66,1,1,5,0.625,2026-01-12,57,2026-03-10 09:14:50.083391
CUST_000056,10,3848.6899999999996,384.86899999999997,1289.44,2,2,2,0.2,2026-02-07,31,2026-03-10 09:14:50.084827
CUST_000057,9,1058.99,117.66555555555556,191.8,1,2,1,0.1111111111111111,2025-12-29,71,2026-03-10 09:14:50.086432
CUST_000058,15,2869.2400000000002,191.28266666666667,751.05,1,2,2,0.13333333333333333,2026-01-30,39,2026-03-10 09:14:50.088041
CUST_000059,7,706.68,100.9542857142857,213.23,0,1,0,0.0,2026-01-03,66,2026-03-10 09:14:50.090890
CUST_000060,4,2085.11,521.2775,935.62,0,1,1,0.25,2026-03-09,1,2026-03-10 09:14:50.094709
CUST_000061,5,405.75,81.15,132.9,1,1,0,0.0,2026-03-05,5,2026-03-10 09:14:50.097663
CUST_000062,7,572.52,81.78857142857143,244.85,2,2,3,0.42857142857142855,2026-02-05,33,2026-03-10 09:14:50.099419
CUST_000063,18,2765.6600000000003,153.6477777777778,577.46,1,2,4,0.2222222222222222,2026-02-16,22,2026-03-10 09:14:50.101125
CUST_000064,11,1398.13,127.10272727272728,291.17,0,1,1,0.09090909090909091,2026-01-09,60,2026-03-10 09:14:50.102715
CUST_000065,6,683.72,113.95333333333333,246.12,0,1,1,0.16666666666666666,2026-01-13,56,2026-03-10 09:14:50.104303
CUST_000066,12,1463.7500000000002,121.97916666666669,263.95,2,2,4,0.3333333333333333,2026-02-14,24,2026-03-10 09:14:50.106208
CUST_000067,8,920.0,115.0,417.0,2,2,1,0.125,2026-02-14,24,2026-03-10 09:14:50.107869
CUST_000068,8,714.45,89.30625,142.44,1,1,2,0.25,2026-01-25,44,2026-03-10 09:14:50.110253
CUST_000069,4,403.23,100.8075,145.68,0,2,0,0.0,2025-12-21,79,2026-03-10 09:14:50.111938
CUST_000070,6,437.55,72.925,177.37,1,1,0,0.0,2025-08-08,214,2026-03-10 09:14:50.113391
CUST_000071,14,3659.8799999999997,261.41999999999996,1346.58,2,3,2,0.14285714285714285,2026-03-01,9,2026-03-10 09:14:50.115052
CUST_000072,7,3949.42,564.2028571428572,1257.44,0,1,0,0.0,2025-11-05,125,2026-03-10 09:14:50.116622
CUST_000073,4,387.68,96.92,191.24,0,1,0,0.0,2026-03-02,8,2026-03-10 09:14:50.118189
CUST_000074,15,2075.55,138.37,714.5,2,3,3,0.2,2026-03-07,3,2026-03-10 09:14:50.119827
CUST_000075,11,1076.71,97.88272727272728,334.42,2,2,2,0.18181818181818182,2026-02-25,13,2026-03-10 09:14:50.121314
CUST_000076,20,3222.5099999999998,161.1255,874.41,2,2,6,0.3,2026-03-08,2,2026-03-10 09:14:50.122832
CUST_000077,7,955.85,136.55,405.58,0,1,0,0.0,2026-01-24,45,2026-03-10 09:14:50.125374
CUST_000078,18,1569.73,87.20722222222223,264.73,3,3,2,0.1111111111111111,2026-02-25,13,2026-03-10 09:14:50.126960
CUST_000079,15,1476.72,98.44800000000001,197.06,1,2,3,0.2,2026-03-03,7,2026-03-10 09:14:50.128696
CUST_000080,16,2820.49,176.280625,977.0,2,3,2,0.125,2026-03-06,4,2026-03-10 09:14:50.130345
CUST_000081,6,1709.5200000000002,284.92,879.95,2,2,3,0.5,2025-12-21,79,2026-03-10 09:14:50.131796
CUST_000082,6,962.1199999999999,160.35333333333332,343.02,1,2,1,0.16666666666666666,2025-11-20,110,2026-03-10 09:14:50.133439
CUST_000083,6,1430.82,238.47,956.09,1,1,1,0.16666666666666666,2026-02-28,10,2026-03-10 09:14:50.134887
CUST_000084,24,4089.3500000000004,170.38958333333335,1268.46,2,3,4,0.16666666666666666,2026-03-07,3,2026-03-10 09:14:50.136554
CUST_000085,12,1818.88,151.57333333333335,751.38,0,2,1,0.08333333333333333,2026-02-11,27,2026-03-10 09:14:50.138128
CUST_000086,8,919.78,114.9725,199.2,0,1,3,0.375,2026-03-04,6,2026-03-10 09:14:50.141035
CUST_000087,7,856.3299999999999,122.33285714285714,270.33,1,2,1,0.14285714285714285,2026-03-05,5,2026-03-10 09:14:50.142984
CUST_000088,9,1130.99,125.66555555555556,254.76,1,1,2,0.2222222222222222,2026-03-08,2,2026-03-10 09:14:50.145805
CUST_000089,10,1110.59,111.059,252.32,2,2,2,0.2,2026-02-25,13,2026-03-10 09:14:50.147273
CUST_000090,6,642.9,107.14999999999999,158.53,1,1,1,0.16666666666666666,2026-02-28,10,2026-03-10 09:14:50.148707
CUST_000091,8,1981.45,247.68125,1111.91,1,1,2,0.25,2026-02-26,12,2026-03-10 09:14:50.150135
CUST_000092,5,788.5899999999999,157.718,473.41,1,1,0,0.0,2026-02-28,10,2026-03-10 09:14:50.151548
CUST_000093,14,2426.4500000000007,173.3178571428572,823.23,2,2,5,0.35714285714285715,2026-01-21,48,2026-03-10 09:14:50.153020
CUST_000094,4,1984.42,496.105,1337.54,0,1,2,0.5,2026-03-06,4,2026-03-10 09:14:50.154583
CUST_000095,24,3282.55,136.77291666666667,469.51,3,3,1,0.041666666666666664,2026-02-20,18,2026-03-10 09:14:50.156987
CUST_000096,10,2062.24,206.224,958.52,1,2,1,0.1,2026-02-14,24,2026-03-10 09:14:50.159355
CUST_000097,25,4985.459999999999,199.41839999999996,1154.65,1,3,5,0.2,2026-02-24,14,2026-03-10 09:14:50.161158
CUST_000098,12,1565.67,130.4725,718.22,0,2,4,0.3333333333333333,2026-03-06,4,2026-03-10 09:14:50.168273
CUST_000099,20,6659.160000000001,332.958,1428.58,1,2,5,0.25,2026-03-03,7,2026-03-10 09:14:50.172188
CUST_000100,7,1543.47,220.49571428571429,730.59,0,1,0,0.0,2025-12-22,78,2026-03-10 09:14:50.176287
CUST_000101,9,821.05,91.22777777777777,266.85,1,1,0,0.0,2025-12-19,81,2026-03-10 09:14:50.179822
CUST_000102,7,1098.8300000000002,156.9757142857143,592.35,1,1,1,0.14285714285714285,2025-12-30,70,2026-03-10 09:14:50.183094
CUST_000103,10,1096.05,109.60499999999999,285.7,1,2,0,0.0,2025-12-04,96,2026-03-10 09:14:50.186937
CUST_000104,16,1834.21,114.638125,492.29,0,2,1,0.0625,2026-02-25,13,2026-03-10 09:14:50.190823
CUST_000105,6,2572.73,428.78833333333336,1319.75,1,1,0,0.0,2026-02-27,11,2026-03-10 09:14:50.192602
CUST_000106,4,868.1399999999999,217.03499999999997,361.31,0,1,0,0.0,2025-10-20,141,2026-03-10 09:14:50.194378
CUST_000107,7,1500.27,214.3242857142857,655.57,1,1,0,0.0,2026-01-29,40,2026-03-10 09:14:50.195928
CUST_000108,7,1757.58,251.08285714285714,1010.82,1,2,1,0.14285714285714285,2026-01-24,45,2026-03-10 09:14:50.198027
CUST_000109,11,973.3799999999999,88.4890909090909,176.39,2,2,1,0.09090909090909091,2026-02-11,27,2026-03-10 09:14:50.202053
CUST_000110,20,6814.23,340.7115,1466.52,2,2,3,0.15,2026-03-08,2,2026-03-10 09:14:50.203831
CUST_000111,12,3153.97,262.8308333333333,1254.39,0,2,0,0.0,2026-02-15,23,2026-03-10 09:14:50.205422
CUST_000112,9,2003.3400000000001,222.59333333333336,1112.4,1,1,2,0.2222222222222222,2026-02-04,34,2026-03-10 09:14:50.206965
CUST_000113,4,2421.5,605.375,1152.19,1,1,0,0.0,2026-02-06,32,2026-03-10 09:14:50.209002
CUST_000114,4,287.27,71.8175,192.11,0,1,1,0.25,2026-02-26,12,2026-03-10 09:14:50.210675
CUST_000115,6,460.53,76.755,129.13,1,1,1,0.16666666666666666,2026-01-28,41,2026-03-10 09:14:50.212145
CUST_000116,9,1279.02,142.11333333333334,380.32,0,1,0,0.0,2026-01-10,59,2026-03-10 09:14:50.213668
CUST_000117,11,1719.8500000000001,156.35000000000002,865.28,1,2,2,0.18181818181818182,2026-02-25,13,2026-03-10 09:14:50.215285
CUST_000118,7,658.29,94.04142857142857,194.18,1,1,1,0.14285714285714285,2026-02-07,31,2026-03-10 09:14:50.216711
CUST_000119,21,3626.8299999999995,172.70619047619044,508.47,2,3,4,0.19047619047619047,2026-03-06,4,2026-03-10 09:14:50.218300
CUST_000120,13,2376.39,182.79923076923075,899.88,1,2,4,0.3076923076923077,2026-01-31,38,2026-03-10 09:14:50.219905
CUST_000121,12,2064.2300000000005,172.0191666666667,555.94,2,2,2,0.16666666666666666,2026-02-23,15,2026-03-10 09:14:50.221336
CUST_000122,22,5099.21,231.78227272727273,1261.79,3,3,3,0.13636363636363635,2026-02-25,13,2026-03-10 09:14:50.222821
CUST_000123,13,3032.03,233.23307692307694,1292.95,2,3,5,0.38461538461538464,2026-02-13,25,2026-03-10 09:14:50.224465
CUST_000124,11,1703.57,154.87,806.12,0,2,2,0.18181818181818182,2025-12-25,75,2026-03-10 09:14:50.226050
CUST_000125,6,1789.72,298.2866666666667,1315.66,0,1,1,0.16666666666666666,2026-03-01,9,2026-03-10 09:14:50.227624
CUST_000126,4,1367.1999999999998,341.79999999999995,1325.37,1,1,2,0.5,2026-02-22,16,2026-03-10 09:14:50.229044
CUST_000127,13,1819.6,139.96923076923076,445.33,0,2,1,0.07692307692307693,2026-02-25,13,2026-03-10 09:14:50.230606
CUST_000128,11,1300.03,118.18454545454546,259.24,2,2,2,0.18181818181818182,2026-01-22,47,2026-03-10 09:14:50.232051
CUST_000129,9,890.3100000000001,98.92333333333335,253.86,1,1,1,0.1111111111111111,2025-12-20,80,2026-03-10 09:14:50.233468
CUST_000130,4,624.92,156.23,287.91,1,1,1,0.25,2026-01-20,49,2026-03-10 09:14:50.234852
CUST_000131,8,718.4300000000001,89.80375000000001,198.35,1,1,1,0.125,2026-01-11,58,2026-03-10 09:14:50.236247
CUST_000132,13,1626.24,125.09538461538462,484.08,1,2,2,0.15384615384615385,2026-02-28,10,2026-03-10 09:14:50.237805
CUST_000133,5,930.2199999999999,186.04399999999998,590.59,1,1,1,0.2,2026-02-20,18,2026-03-10 09:14:50.239188
CUST_000134,6,763.71,127.28500000000001,338.56,1,1,0,0.0,2026-01-15,54,2026-03-10 09:14:50.240579
CUST_000135,14,4441.139999999999,317.22428571428566,1150.26,1,2,1,0.07142857142857142,2026-02-17,21,2026-03-10 09:14:50.242162
CUST_000136,3,1226.1399999999999,408.7133333333333,1067.36,0,1,0,0.0,2025-08-23,199,2026-03-10 09:14:50.243766
CUST_000137,13,1581.88,121.68307692307692,358.67,2,2,3,0.23076923076923078,2026-02-23,15,2026-03-10 09:14:50.245186
CUST_000138,5,1578.09,315.618,1140.69,1,1,0,0.0,2026-02-07,31,2026-03-10 09:14:50.246548
CUST_000139,4,763.6099999999999,190.90249999999997,518.12,0,1,2,0.5,2026-01-18,51,2026-03-10 09:14:50.248054
CUST_000140,19,4075.7999999999997,214.5157894736842,1116.4,1,2,2,0.10526315789473684,2026-02-27,11,2026-03-10 09:14:50.249629
CUST_000141,17,1899.21,111.71823529411765,588.58,3,3,2,0.11764705882352941,2026-02-20,18,2026-03-10 09:14:50.251045
CUST_000142,4,509.02000000000004,127.25500000000001,167.79,0,1,0,0.0,2026-03-03,7,2026-03-10 09:14:50.252531
CUST_000143,4,521.84,130.46,163.92,1,1,1,0.25,2026-01-03,66,2026-03-10 09:14:50.253933
CUST_000144,13,2519.9300000000007,193.8407692307693,1175.04,0,2,4,0.3076923076923077,2026-02-05,33,2026-03-10 09:14:50.255439
CUST_000145,4,512.81,128.2025,395.21,0,1,0,0.0,2025-12-16,84,2026-03-10 09:14:50.256935
CUST_000146,12,2750.1699999999996,229.1808333333333,1180.02,2,2,2,0.16666666666666666,2025-12-31,69,2026-03-10 09:14:50.258348
CUST_000147,3,370.35999999999996,123.45333333333332,193.34,0,1,0,0.0,2026-02-18,20,2026-03-10 09:14:50.259845
CUST_000148,7,562.5899999999999,80.36999999999999,198.54,0,1,1,0.14285714285714285,2026-02-05,33,2026-03-10 09:14:50.261354
CUST_000149,5,772.32,154.464,428.62,2,2,1,0.2,2025-09-06,185,2026-03-10 09:14:50.262767
CUST_000150,13,1403.6599999999999,107.97384615384614,303.86,1,2,2,0.15384615384615385,2026-03-09,1,2026-03-10 09:14:50.264343
CUST_000151,15,2312.21,154.14733333333334,726.3,1,2,1,0.06666666666666667,2026-03-02,8,2026-03-10 09:14:50.265901
CUST_000152,7,905.37,129.33857142857144,191.88,1,1,1,0.14285714285714285,2026-02-12,26,2026-03-10 09:14:50.267283
CUST_000153,16,3281.31,205.081875,1049.6,3,3,3,0.1875,2026-03-06,4,2026-03-10 09:14:50.268709
CUST_000154,15,2679.7899999999995,178.65266666666665,1069.34,2,2,2,0.13333333333333333,2026-01-26,43,2026-03-10 09:14:50.270128
CUST_000155,12,1664.44,138.70333333333335,391.08,1,2,2,0.16666666666666666,2026-03-03,7,2026-03-10 09:14:50.271698
CUST_000156,12,2529.1800000000003,210.76500000000001,977.56,2,2,0,0.0,2026-02-27,11,2026-03-10 09:14:50.273057
CUST_000157,14,2082.35,148.7392857142857,462.32,2,2,3,0.21428571428571427,2026-01-26,43,2026-03-10 09:14:50.274509
CUST_000158,5,955.0200000000002,191.00400000000005,520.63,0,1,0,0.0,2026-02-19,19,2026-03-10 09:14:50.276028
CUST_000159,4,259.19,64.7975,124.22,1,1,0,0.0,2026-01-31,38,2026-03-10 09:14:50.277402
CUST_000160,8,2450.79,306.34875,924.27,0,1,0,0.0,2025-12-13,87,2026-03-10 09:14:50.278881
CUST_000161,15,1762.8699999999997,117.52466666666665,327.46,1,2,4,0.26666666666666666,2026-02-19,19,2026-03-10 09:14:50.280448
CUST_000162,16,4808.23,300.514375,1252.52,2,3,2,0.125,2026-01-25,44,2026-03-10 09:14:50.282023
CUST_000163,6,757.36,126.22666666666667,355.86,1,2,1,0.16666666666666666,2026-03-06,4,2026-03-10 09:14:50.283581
CUST_000164,4,339.0,84.75,150.05,0,1,0,0.0,2026-03-08,2,2026-03-10 09:14:50.285066
CUST_000165,7,710.47,101.49571428571429,174.47,1,1,1,0.14285714285714285,2026-01-24,45,2026-03-10 09:14:50.286464
CUST_000166,4,1018.7800000000001,254.69500000000002,741.58,1,1,1,0.25,2026-01-20,49,2026-03-10 09:14:50.287861
CUST_000167,12,1471.24,122.60333333333334,459.19,2,2,0,0.0,2026-01-22,47,2026-03-10 09:14:50.289219
CUST_000168,18,5288.72,293.8177777777778,1497.96,0,2,3,0.16666666666666666,2026-02-23,15,2026-03-10 09:14:50.290858
CUST_000169,7,478.39,68.34142857142857,128.36,0,1,2,0.2857142857142857,2026-03-09,1,2026-03-10 09:14:50.295145
CUST_000170,18,1591.25,88.40277777777777,190.37,2,3,3,0.16666666666666666,2026-02-11,27,2026-03-10 09:14:50.299564
CUST_000171,18,3152.9100000000003,175.1616666666667,1110.66,1,2,2,0.1111111111111111,2026-02-17,21,2026-03-10 09:14:50.303639
CUST_000172,11,1069.71,97.24636363636364,398.35,1,2,1,0.09090909090909091,2026-02-21,17,2026-03-10 09:14:50.306939
CUST_000173,8,1527.27,190.90875,472.04,2,2,2,0.25,2025-10-13,148,2026-03-10 09:14:50.309247
CUST_000174,14,2288.7999999999997,163.48571428571427,891.09,2,2,1,0.07142857142857142,2026-03-05,5,2026-03-10 09:14:50.311114
CUST_000175,8,843.06,105.3825,227.44,0,1,2,0.25,2026-02-07,31,2026-03-10 09:14:50.312744
CUST_000176,7,449.94000000000005,64.27714285714286,164.08,0,1,0,0.0,2026-02-04,34,2026-03-10 09:14:50.314282
CUST_000177,9,1555.2,172.8,393.11,0,2,3,0.3333333333333333,2026-02-26,12,2026-03-10 09:14:50.315859
CUST_000178,13,1590.5800000000002,122.3523076923077,319.23,0,3,4,0.3076923076923077,2026-01-11,58,2026-03-10 09:14:50.317425
CUST_000179,8,1016.05,127.00625,193.63,0,1,1,0.125,2026-02-16,22,2026-03-10 09:14:50.319021
CUST_000180,4,495.28,123.82,289.84,0,1,1,0.25,2025-11-21,109,2026-03-10 09:14:50.320597
CUST_000181,10,3015.8,301.58000000000004,1295.96,0,2,1,0.1,2026-02-01,37,2026-03-10 09:14:50.322170
CUST_000182,23,4221.66,183.55043478260868,1015.36,2,3,4,0.17391304347826086,2026-03-07,3,2026-03-10 09:14:50.324230
CUST_000183,6,569.48,94.91333333333334,173.91,0,1,0,0.0,2026-01-27,42,2026-03-10 09:14:50.325755
CUST_000184,10,2156.84,215.68400000000003,863.32,2,2,4,0.4,2026-02-22,16,2026-03-10 09:14:50.327201
CUST_000185,11,626.6199999999999,56.965454545454534,144.76,1,2,5,0.45454545454545453,2026-03-07,3,2026-03-10 09:14:50.328764
CUST_000186,7,1998.7699999999998,285.5385714285714,1249.28,1,2,1,0.14285714285714285,2025-11-17,113,2026-03-10 09:14:50.330329
CUST_000187,2,142.36,71.18,124.64,1,1,0,0.0,2026-01-19,50,2026-03-10 09:14:50.331696
CUST_000188,8,842.5999999999999,105.32499999999999,183.05,1,1,2,0.25,2026-02-22,16,2026-03-10 09:14:50.333132
CUST_000189,3,191.75,63.916666666666664,95.5,0,1,2,0.6666666666666666,2026-01-28,41,2026-03-10 09:14:50.334739
CUST_000190,5,575.05,115.00999999999999,185.22,0,1,2,0.4,2026-03-09,1,2026-03-10 09:14:50.336265
CUST_000191,5,317.65,63.529999999999994,102.57,1,2,0,0.0,2026-02-10,28,2026-03-10 09:14:50.337851
CUST_000192,9,1692.2600000000002,188.0288888888889,589.39,1,2,1,0.1111111111111111,2026-02-27,11,2026-03-10 09:14:50.339474
CUST_000193,12,2091.2,174.26666666666665,1051.86,1,2,1,0.08333333333333333,2026-02-27,11,2026-03-10 09:14:50.341128
CUST_000194,6,1115.17,185.86166666666668,593.18,0,1,2,0.3333333333333333,2025-07-09,244,2026-03-10 09:14:50.342774
CUST_000195,12,1133.92,94.49333333333334,216.22,1,2,4,0.3333333333333333,2026-02-21,17,2026-03-10 09:14:50.344414
CUST_000196,8,673.13,84.14125,296.7,1,1,0,0.0,2026-03-02,8,2026-03-10 09:14:50.345846
CUST_000197,8,1869.4299999999998,233.67874999999998,886.48,0,1,1,0.125,2025-12-27,73,2026-03-10 09:14:50.347441
CUST_000198,20,4024.1299999999997,201.20649999999998,962.75,2,3,2,0.1,2026-01-05,64,2026-03-10 09:14:50.349075
CUST_000199,6,1081.9499999999998,180.32499999999996,285.08,0,1,1,0.16666666666666666,2026-02-09,29,2026-03-10 09:14:50.350647
CUST_000200,15,2658.2,177.2133333333333,707.39,1,3,4,0.26666666666666666,2026-01-15,54,2026-03-10 09:14:50.352283
CUST_000201,11,2218.5900000000006,201.69000000000005,840.43,1,2,3,0.2727272727272727,2026-02-02,36,2026-03-10 09:14:50.353905
CUST_000202,3,653.7199999999999,217.90666666666664,497.03,0,1,1,0.3333333333333333,2026-02-14,24,2026-03-10 09:14:50.355474
CUST_000203,9,2474.13,274.90333333333336,1334.82,1,1,1,0.1111111111111111,2025-12-30,70,2026-03-10 09:14:50.356941
CUST_000204,9,2353.17,261.46333333333337,1458.37,1,2,1,0.1111111111111111,2026-02-25,13,2026-03-10 09:14:50.358651
CUST_000205,7,736.6299999999999,105.23285714285713,176.93,0,1,1,0.14285714285714285,2026-02-01,37,2026-03-10 09:14:50.360278
CUST_000206,7,684.71,97.8157142857143,185.82,2,2,3,0.42857142857142855,2026-02-23,15,2026-03-10 09:14:50.361792
CUST_000207,24,3802.59,158.44125,574.83,1,3,5,0.20833333333333334,2026-02-18,20,2026-03-10 09:14:50.363488
CUST_000208,11,2032.0300000000002,184.73000000000002,1368.27,1,1,2,0.18181818181818182,2026-01-06,63,2026-03-10 09:14:50.365003
CUST_000209,12,1804.0100000000002,150.33416666666668,940.87,0,2,0,0.0,2026-02-22,16,2026-03-10 09:14:50.366559
CUST_000210,21,4053.5400000000004,193.02571428571432,1288.8,2,3,3,0.14285714285714285,2026-03-09,1,2026-03-10 09:14:50.368204
CUST_000211,23,4221.629999999999,183.54913043478257,1026.92,1,3,4,0.17391304347826086,2026-02-28,10,2026-03-10 09:14:50.369837
CUST_000212,11,2363.1599999999994,214.83272727272723,862.39,1,2,4,0.36363636363636365,2026-02-11,27,2026-03-10 09:14:50.371464
CUST_000213,10,953.9899999999999,95.39899999999999,185.45,0,1,2,0.2,2026-03-04,6,2026-03-10 09:14:50.374798
CUST_000214,20,3139.0499999999993,156.95249999999996,1347.03,2,2,2,0.1,2026-03-09,1,2026-03-10 09:14:50.376318
CUST_000215,17,3032.2599999999998,178.36823529411762,959.25,1,2,3,0.17647058823529413,2026-01-18,51,2026-03-10 09:14:50.377894
CUST_000216,9,1554.34,172.70444444444445,461.99,0,1,2,0.2222222222222222,2025-09-09,182,2026-03-10 09:14:50.379434
CUST_000217,5,1207.25,241.45,823.02,1,1,0,0.0,2026-02-20,18,2026-03-10 09:14:50.380845
CUST_000218,10,1513.2499999999998,151.325,445.44,0,2,2,0.2,2026-02-17,21,2026-03-10 09:14:50.382406
CUST_000219,8,2509.44,313.68,1498.98,1,1,2,0.25,2026-01-17,52,2026-03-10 09:14:50.383817
CUST_000220,19,2090.77,110.04052631578948,340.22,0,2,4,0.21052631578947367,2026-02-19,19,2026-03-10 09:14:50.385440
CUST_000221,4,370.47,92.6175,139.09,1,1,0,0.0,2026-03-03,7,2026-03-10 09:14:50.386912
CUST_000222,3,471.03,157.01,288.89,2,2,1,0.3333333333333333,2025-08-07,215,2026-03-10 09:14:50.389580
CUST_000223,7,3408.46,486.92285714285714,1450.32,1,1,1,0.14285714285714285,2026-03-05,5,2026-03-10 09:14:50.391626
CUST_000224,1,55.54,55.54,55.54,1,1,0,0.0,2025-12-25,75,2026-03-10 09:14:50.395264
CUST_000225,2,134.7,67.35,79.04,0,1,0,0.0,2025-08-18,204,2026-03-10 09:14:50.399155
CUST_000226,12,1359.6899999999998,113.30749999999999,197.77,2,2,2,0.16666666666666666,2025-12-13,87,2026-03-10 09:14:50.402894
CUST_000227,8,2091.74,261.4675,761.68,1,2,0,0.0,2026-01-18,51,2026-03-10 09:14:50.406038
CUST_000228,18,3998.02,222.11222222222221,1209.94,2,3,3,0.16666666666666666,2026-01-01,68,2026-03-10 09:14:50.407799
CUST_000229,6,1946.45,324.40833333333336,1033.09,1,1,3,0.5,2026-02-12,26,2026-03-10 09:14:50.409352
CUST_000230,10,1711.56,171.156,517.65,1,2,2,0.2,2026-03-07,3,2026-03-10 09:14:50.411077
CUST_000231,6,1748.69,291.4483333333333,1437.61,0,1,2,0.3333333333333333,2025-12-23,77,2026-03-10 09:14:50.412682
CUST_000232,17,4559.56,268.2094117647059,1317.34,1,2,3,0.17647058823529413,2026-03-09,1,2026-03-10 09:14:50.414319
CUST_000233,17,2495.27,146.78058823529412,475.37,2,2,2,0.11764705882352941,2026-02-18,20,2026-03-10 09:14:50.415790
CUST_000234,9,1241.12,137.9022222222222,419.56,2,2,2,0.2222222222222222,2026-01-25,44,2026-03-10 09:14:50.417231
CUST_000235,16,1666.38,104.14875,198.61,1,2,2,0.125,2026-03-09,1,2026-03-10 09:14:50.418835
CUST_000236,10,1271.57,127.157,328.99,1,1,3,0.3,2026-01-25,44,2026-03-10 09:14:50.420299
CUST_000237,15,1313.6000000000001,87.57333333333334,191.47,1,2,4,0.26666666666666666,2026-02-07,31,2026-03-10 09:14:50.421912
CUST_000238,4,551.9,137.975,154.85,0,1,2,0.5,2025-09-12,179,2026-03-10 09:14:50.423927
CUST_000239,2,190.48000000000002,95.24000000000001,124.62,1,1,0,0.0,2026-02-21,17,2026-03-10 09:14:50.425398
CUST_000240,23,2803.43,121.88826086956522,674.64,1,3,4,0.17391304347826086,2026-01-31,38,2026-03-10 09:14:50.427242
CUST_000241,5,618.76,123.752,344.63,1,1,2,0.4,2026-01-23,46,2026-03-10 09:14:50.428762
CUST_000242,27,2631.3199999999997,97.45629629629629,491.66,3,3,2,0.07407407407407407,2026-02-28,10,2026-03-10 09:14:50.430286
CUST_000243,9,2045.13,227.23666666666668,926.14,2,2,1,0.1111111111111111,2026-03-03,7,2026-03-10 09:14:50.431741
CUST_000244,10,1189.33,118.93299999999999,188.13,1,2,0,0.0,2026-02-19,19,2026-03-10 09:14:50.433289
CUST_000245,8,1531.37,191.42125,491.15,0,1,2,0.25,2026-01-18,51,2026-03-10 09:14:50.434884
CUST_000246,5,488.21,97.642,146.13,1,1,2,0.4,2025-11-19,111,2026-03-10 09:14:50.436304
CUST_000247,4,1979.31,494.8275,1205.96,1,1,0,0.0,2026-02-07,31,2026-03-10 09:14:50.437723
CUST_000248,14,2153.12,153.7942857142857,448.84,2,2,2,0.14285714285714285,2026-02-11,27,2026-03-10 09:14:50.439284
CUST_000249,7,560.9200000000001,80.13142857142859,128.95,0,1,0,0.0,2025-11-08,122,2026-03-10 09:14:50.441103
CUST_000250,5,591.89,118.378,284.93,1,1,3,0.6,2025-11-24,106,2026-03-10 09:14:50.443790
CUST_000251,3,245.46999999999997,81.82333333333332,173.29,1,1,0,0.0,2026-01-15,54,2026-03-10 09:14:50.445195
CUST_000252,20,5620.83,281.0415,1417.46,2,3,3,0.15,2026-02-19,19,2026-03-10 09:14:50.446795
CUST_000253,8,647.69,80.96125,187.04,1,1,1,0.125,2026-02-07,31,2026-03-10 09:14:50.448204
CUST_000254,9,1183.9900000000002,131.55444444444447,346.87,1,1,0,0.0,2026-02-04,34,2026-03-10 09:14:50.449621
CUST_000255,5,1576.0100000000002,315.20200000000006,1195.98,0,1,2,0.4,2026-01-11,58,2026-03-10 09:14:50.451192
CUST_000256,12,2734.64,227.88666666666666,1379.56,2,2,2,0.16666666666666666,2026-03-05,5,2026-03-10 09:14:50.452648
CUST_000257,9,2254.1099999999997,250.45666666666662,1313.92,1,1,0,0.0,2026-03-07,3,2026-03-10 09:14:50.454063
CUST_000258,13,2340.16,180.01230769230767,1057.64,0,1,3,0.23076923076923078,2026-03-09,1,2026-03-10 09:14:50.455694
CUST_000259,18,3133.14,174.06333333333333,927.61,2,3,3,0.16666666666666666,2026-02-05,33,2026-03-10 09:14:50.457552
CUST_000260,12,1449.9299999999998,120.82749999999999,500.19,0,1,3,0.25,2026-01-24,45,2026-03-10 09:14:50.459227
CUST_000261,10,2135.09,213.50900000000001,1224.53,2,2,0,0.0,2026-01-26,43,2026-03-10 09:14:50.460700
CUST_000262,6,516.91,86.15166666666666,187.22,0,1,0,0.0,2026-01-14,55,2026-03-10 09:14:50.462256
CUST_000263,24,6602.67,275.11125,1426.86,1,3,5,0.20833333333333334,2026-02-28,10,2026-03-10 09:14:50.463913
CUST_000264,18,2132.18,118.45444444444443,482.0,2,3,1,0.05555555555555555,2026-03-07,3,2026-03-10 09:14:50.465564
CUST_000265,5,492.51,98.502,193.01,1,1,3,0.6,2026-01-27,42,2026-03-10 09:14:50.467033
CUST_000266,6,515.97,85.995,148.38,1,1,1,0.16666666666666666,2026-01-16,53,2026-03-10 09:14:50.468482
CUST_000267,11,1173.55,106.68636363636364,410.93,2,2,3,0.2727272727272727,2026-02-11,27,2026-03-10 09:14:50.469958
CUST_000268,4,420.39,105.0975,183.1,0,1,0,0.0,2025-12-23,77,2026-03-10 09:14:50.471509
CUST_000269,10,1244.47,124.447,241.05,0,1,0,0.0,2026-01-27,42,2026-03-10 09:14:50.473175
CUST_000270,3,169.73,56.57666666666666,106.42,1,1,1,0.3333333333333333,2025-12-01,99,2026-03-10 09:14:50.474657
CUST_000271,8,3008.86,376.1075,1288.48,1,2,1,0.125,2026-03-05,5,2026-03-10 09:14:50.476282
CUST_000272,13,2048.19,157.55307692307693,484.76,1,2,1,0.07692307692307693,2026-03-03,7,2026-03-10 09:14:50.477910
CUST_000273,7,859.42,122.77428571428571,216.45,1,1,0,0.0,2026-02-20,18,2026-03-10 09:14:50.479336
CUST_000274,4,2180.45,545.1125,1465.95,0,1,0,0.0,2026-02-24,14,2026-03-10 09:14:50.480893
CUST_000275,25,3338.38,133.5352,1042.11,2,3,3,0.12,2026-02-21,17,2026-03-10 09:14:50.482521
CUST_000276,17,2927.52,172.20705882352942,841.89,0,2,1,0.058823529411764705,2026-03-02,8,2026-03-10 09:14:50.484182
CUST_000277,15,3443.3200000000006,229.55466666666672,1495.97,1,2,3,0.2,2025-12-25,75,2026-03-10 09:14:50.485841
CUST_000278,24,4106.77,171.11541666666668,1162.13,2,3,5,0.20833333333333334,2026-02-07,31,2026-03-10 09:14:50.487507
CUST_000279,4,570.63,142.6575,184.44,1,1,0,0.0,2026-02-01,37,2026-03-10 09:14:50.490197
CUST_000280,11,940.11,85.46454545454546,181.66,2,2,3,0.2727272727272727,2026-01-01,68,2026-03-10 09:14:50.491867
CUST_000281,4,514.64,128.66,175.1,0,1,0,0.0,2025-12-22,78,2026-03-10 09:14:50.495969
CUST_000282,14,2131.83,152.27357142857142,886.13,1,2,2,0.14285714285714285,2026-02-17,21,2026-03-10 09:14:50.500251
CUST_000283,13,1714.5399999999997,131.88769230769228,339.77,2,2,1,0.07692307692307693,2026-02-18,20,2026-03-10 09:14:50.503999
CUST_000284,14,2024.8400000000001,144.6314285714286,632.62,3,3,4,0.2857142857142857,2026-03-08,2,2026-03-10 09:14:50.507337
CUST_000285,7,1018.37,145.48142857142858,478.54,0,1,1,0.14285714285714285,2026-02-02,36,2026-03-10 09:14:50.510183
CUST_000286,9,1214.01,134.89,601.86,1,1,1,0.1111111111111111,2026-01-13,56,2026-03-10 09:14:50.512119
CUST_000287,3,1196.96,398.9866666666667,1136.39,1,1,0,0.0,2025-11-09,121,2026-03-10 09:14:50.513645
CUST_000288,7,1507.33,215.33285714285714,539.37,1,1,2,0.2857142857142857,2026-02-09,29,2026-03-10 09:14:50.515090
CUST_000289,9,1776.47,197.38555555555556,855.6,1,1,1,0.1111111111111111,2026-02-08,30,2026-03-10 09:14:50.516522
CUST_000290,10,2622.44,262.244,1378.99,1,2,2,0.2,2026-03-07,3,2026-03-10 09:14:50.518124
CUST_000291,12,1851.1600000000003,154.26333333333335,871.92,1,2,1,0.08333333333333333,2026-02-18,20,2026-03-10 09:14:50.519713
CUST_000292,7,1144.72,163.53142857142856,500.99,1,1,2,0.2857142857142857,2026-02-22,16,2026-03-10 09:14:50.521157
CUST_000293,13,2252.58,173.2753846153846,1246.62,1,2,5,0.38461538461538464,2026-03-09,1,2026-03-10 09:14:50.523093
CUST_000294,16,2455.8199999999997,153.48874999999998,868.03,2,2,2,0.125,2026-02-12,26,2026-03-10 09:14:50.524565
CUST_000295,2,367.17,183.585,184.06,0,1,0,0.0,2025-11-28,102,2026-03-10 09:14:50.526126
CUST_000296,8,1876.61,234.57625,1002.6,1,1,1,0.125,2026-01-28,41,2026-03-10 09:14:50.528346
CUST_000297,4,705.26,176.315,410.96,1,1,1,0.25,2025-12-28,72,2026-03-10 09:14:50.530994
CUST_000298,9,855.5799999999999,95.06444444444443,174.85,1,1,2,0.2222222222222222,2026-01-31,38,2026-03-10 09:14:50.533332
CUST_000299,11,1867.8,169.79999999999998,883.02,1,2,2,0.18181818181818182,2026-02-01,37,2026-03-10 09:14:50.535530
CUST_000300,16,2964.36,185.2725,1312.38,0,3,2,0.125,2026-01-03,66,2026-03-10 09:14:50.537285
CUST_000301,20,3073.1299999999997,153.6565,825.51,1,2,2,0.1,2026-02-20,18,2026-03-10 09:14:50.540437
CUST_000302,4,1586.1199999999997,396.5299999999999,1343.6,0,1,2,0.5,2025-12-21,79,2026-03-10 09:14:50.542664
CUST_000303,17,2934.2599999999998,172.6035294117647,814.12,0,3,3,0.17647058823529413,2026-02-11,27,2026-03-10 09:14:50.544293
CUST_000304,12,3262.6800000000007,271.89000000000004,1370.86,2,2,0,0.0,2026-02-17,21,2026-03-10 09:14:50.545750
CUST_000305,8,3300.1099999999997,412.51374999999996,1428.33,1,2,1,0.125,2025-11-29,101,2026-03-10 09:14:50.547356
CUST_000306,16,2108.52,131.7825,416.8,1,2,3,0.1875,2026-02-06,32,2026-03-10 09:14:50.549025
CUST_000307,10,1046.3400000000001,104.63400000000001,180.05,1,2,2,0.2,2026-01-15,54,2026-03-10 09:14:50.550725
CUST_000308,12,2543.2099999999996,211.93416666666664,882.05,2,2,2,0.16666666666666666,2026-01-22,47,2026-03-10 09:14:50.552226
CUST_000309,10,2802.69,280.269,1276.66,1,2,2,0.2,2026-02-24,14,2026-03-10 09:14:50.553854
CUST_000310,10,3123.06,312.306,1458.27,2,2,1,0.1,2025-12-25,75,2026-03-10 09:14:50.555311
CUST_000311,14,2056.22,146.87285714285713,922.18,1,3,3,0.21428571428571427,2026-02-28,10,2026-03-10 09:14:50.559156
CUST_000312,8,1469.71,183.71375,539.02,0,1,1,0.125,2026-02-07,31,2026-03-10 09:14:50.560781
CUST_000313,1,145.52,145.52,145.52,1,1,1,1.0,2025-05-21,293,2026-03-10 09:14:50.563085
CUST_000314,9,1057.26,117.47333333333333,355.53,0,2,1,0.1111111111111111,2026-03-02,8,2026-03-10 09:14:50.566194
CUST_000315,4,688.12,172.03,264.14,0,1,1,0.25,2025-08-29,193,2026-03-10 09:14:50.568827
CUST_000316,7,1196.2100000000003,170.8871428571429,647.61,1,1,1,0.14285714285714285,2026-03-07,3,2026-03-10 09:14:50.570679
CUST_000317,18,3380.2000000000003,187.7888888888889,1421.56,2,3,2,0.1111111111111111,2026-03-03,7,2026-03-10 09:14:50.572933
CUST_000318,6,360.83000000000004,60.13833333333334,95.5,1,1,1,0.16666666666666666,2026-02-23,15,2026-03-10 09:14:50.575861
CUST_000319,12,1299.75,108.3125,283.34,1,2,5,0.4166666666666667,2026-01-29,40,2026-03-10 09:14:50.579115
CUST_000320,13,2823.59,217.19923076923078,1309.02,1,2,1,0.07692307692307693,2026-01-14,55,2026-03-10 09:14:50.581165
CUST_000321,13,1941.4299999999998,149.3407692307692,384.18,1,2,4,0.3076923076923077,2026-03-02,8,2026-03-10 09:14:50.582844
CUST_000322,8,1659.2599999999998,207.40749999999997,935.13,2,3,5,0.625,2026-03-01,9,2026-03-10 09:14:50.584493
CUST_000323,8,964.59,120.57375,371.7,2,2,0,0.0,2026-01-29,40,2026-03-10 09:14:50.585938
CUST_000324,13,2075.0299999999997,159.6176923076923,469.41,1,1,4,0.3076923076923077,2026-01-02,67,2026-03-10 09:14:50.587389
CUST_000325,21,4265.01,203.0957142857143,1248.68,2,3,3,0.14285714285714285,2026-02-05,33,2026-03-10 09:14:50.589058
CUST_000326,19,4343.25,228.5921052631579,1433.6,2,2,3,0.15789473684210525,2026-02-21,17,2026-03-10 09:14:50.592230
CUST_000327,11,1134.8400000000001,103.16727272727275,191.41,2,3,4,0.36363636363636365,2026-02-26,12,2026-03-10 09:14:50.594866
CUST_000328,7,962.0300000000001,137.43285714285716,238.51,0,1,1,0.14285714285714285,2026-02-06,32,2026-03-10 09:14:50.596958
CUST_000329,3,880.53,293.51,641.65,0,1,0,0.0,2026-01-07,62,2026-03-10 09:14:50.598661
CUST_000330,12,1199.1200000000001,99.92666666666668,219.4,1,1,2,0.16666666666666666,2026-02-16,22,2026-03-10 09:14:50.600154
CUST_000331,13,2933.4800000000005,225.65230769230772,1429.19,2,2,1,0.07692307692307693,2026-01-04,65,2026-03-10 09:14:50.601617
CUST_000332,9,1276.91,141.8788888888889,316.0,0,1,2,0.2222222222222222,2026-02-09,29,2026-03-10 09:14:50.603167
CUST_000333,16,2993.31,187.081875,976.66,2,2,1,0.0625,2026-02-13,25,2026-03-10 09:14:50.604637
CUST_000334,16,1750.4900000000002,109.40562500000001,346.93,1,2,3,0.1875,2026-03-01,9,2026-03-10 09:14:50.606622
CUST_000335,7,1535.9499999999998,219.42142857142855,479.0,0,1,0,0.0,2025-11-19,111,2026-03-10 09:14:50.608151
CUST_000336,3,402.03999999999996,134.01333333333332,161.64,1,1,0,0.0,2026-02-17,21,2026-03-10 09:14:50.609624
CUST_000337,7,1834.26,262.03714285714284,1090.36,1,2,2,0.2857142857142857,2025-12-18,82,2026-03-10 09:14:50.611449
CUST_000338,17,1348.0700000000002,79.29823529411766,170.11,2,3,6,0.35294117647058826,2026-01-28,41,2026-03-10 09:14:50.614595
CUST_000339,11,2148.3199999999997,195.30181818181816,776.11,1,1,1,0.09090909090909091,2026-02-11,27,2026-03-10 09:14:50.616065
CUST_000340,18,4165.69,231.4272222222222,1474.97,2,3,4,0.2222222222222222,2026-02-28,10,2026-03-10 09:14:50.617676
CUST_000341,6,959.55,159.92499999999998,383.33,0,1,0,0.0,2026-03-06,4,2026-03-10 09:14:50.619178
CUST_000342,7,1032.16,147.45142857142858,453.65,1,1,2,0.2857142857142857,2026-02-09,29,2026-03-10 09:14:50.620599
CUST_000343,9,905.5699999999999,100.61888888888888,332.22,1,2,1,0.1111111111111111,2025-10-11,150,2026-03-10 09:14:50.622207
CUST_000344,6,1027.29,171.215,383.08,1,1,4,0.6666666666666666,2026-02-28,10,2026-03-10 09:14:50.624611
CUST_000345,4,2763.97,690.9925,1466.1,0,1,0,0.0,2026-03-04,6,2026-03-10 09:14:50.626155
CUST_000346,19,2299.59,121.03105263157896,612.11,1,2,3,0.15789473684210525,2026-02-26,12,2026-03-10 09:14:50.627761
CUST_000347,3,488.15,162.71666666666667,257.02,1,1,0,0.0,2025-10-23,138,2026-03-10 09:14:50.629151
CUST_000348,4,433.99,108.4975,162.41,1,1,0,0.0,2026-01-16,53,2026-03-10 09:14:50.630551
CUST_000349,9,1282.3500000000001,142.48333333333335,250.81,0,1,1,0.1111111111111111,2026-03-03,7,2026-03-10 09:14:50.632084
CUST_000350,8,3256.6400000000003,407.08000000000004,1414.67,1,1,2,0.25,2026-02-20,18,2026-03-10 09:14:50.633550
CUST_000351,6,702.49,117.08166666666666,186.54,0,1,0,0.0,2025-12-10,90,2026-03-10 09:14:50.635059
CUST_000352,12,1891.6,157.63333333333333,937.78,0,2,2,0.16666666666666666,2026-02-23,15,2026-03-10 09:14:50.636604
CUST_000353,14,2643.8399999999997,188.84571428571425,1232.59,2,3,3,0.21428571428571427,2026-03-04,6,2026-03-10 09:14:50.638184
CUST_000354,8,1699.4799999999998,212.43499999999997,1111.59,2,2,3,0.375,2026-02-25,13,2026-03-10 09:14:50.640495
CUST_000355,12,1616.9099999999999,134.74249999999998,433.2,2,2,1,0.08333333333333333,2026-01-28,41,2026-03-10 09:14:50.643244
CUST_000356,5,309.51,61.902,149.54,0,1,1,0.2,2026-01-26,43,2026-03-10 09:14:50.644845
CUST_000357,13,1397.1,107.46923076923076,246.52,2,2,2,0.15384615384615385,2026-02-07,31,2026-03-10 09:14:50.646289
CUST_000358,5,604.63,120.926,193.01,1,1,0,0.0,2026-01-23,46,2026-03-10 09:14:50.647652
CUST_000359,3,581.52,193.84,467.87,1,1,1,0.3333333333333333,2025-12-29,71,2026-03-10 09:14:50.649077
CUST_000360,6,2756.38,459.3966666666667,1367.24,1,1,0,0.0,2025-12-20,80,2026-03-10 09:14:50.650440
CUST_000361,14,1436.54,102.61,190.28,2,2,4,0.2857142857142857,2026-02-26,12,2026-03-10 09:14:50.651872
CUST_000362,11,1225.6,111.41818181818181,300.51,1,1,4,0.36363636363636365,2026-01-17,52,2026-03-10 09:14:50.653303
CUST_000363,3,427.40000000000003,142.46666666666667,196.55,0,1,0,0.0,2025-12-24,76,2026-03-10 09:14:50.654826
CUST_000364,17,6927.05,407.47352941176473,1466.3,3,3,4,0.23529411764705882,2026-01-11,58,2026-03-10 09:14:50.656340
CUST_000365,14,3031.5899999999997,216.54214285714284,1349.6,1,2,3,0.21428571428571427,2026-02-13,25,2026-03-10 09:14:50.658025
CUST_000366,5,391.15,78.22999999999999,132.14,1,1,1,0.2,2026-01-27,42,2026-03-10 09:14:50.659484
CUST_000367,5,1597.28,319.456,1212.26,1,1,1,0.2,2025-12-06,94,2026-03-10 09:14:50.660928
CUST_000368,6,4483.95,747.3249999999999,1486.13,0,1,0,0.0,2026-02-11,27,2026-03-10 09:14:50.662432
CUST_000369,13,3666.02,282.0015384615385,1370.02,1,2,1,0.07692307692307693,2026-03-05,5,2026-03-10 09:14:50.664032
CUST_000370,6,629.87,104.97833333333334,171.12,1,1,0,0.0,2026-01-21,48,2026-03-10 09:14:50.665422
CUST_000371,10,752.26,75.226,127.1,1,2,2,0.2,2026-02-05,33,2026-03-10 09:14:50.666989
CUST_000372,9,2664.69,296.07666666666665,1485.81,0,2,1,0.1111111111111111,2026-02-15,23,2026-03-10 09:14:50.668533
CUST_000373,8,1536.8500000000001,192.10625000000002,852.25,1,1,2,0.25,2026-02-07,31,2026-03-10 09:14:50.669909
CUST_000374,11,2262.7799999999993,205.70727272727265,1055.87,2,2,2,0.18181818181818182,2026-02-18,20,2026-03-10 09:14:50.671328
CUST_000375,2,271.45,135.725,188.75,0,1,1,0.5,2025-11-27,103,2026-03-10 09:14:50.673246
CUST_000376,9,1019.7399999999999,113.30444444444443,372.84,2,2,2,0.2222222222222222,2026-03-02,8,2026-03-10 09:14:50.674667
CUST_000377,7,633.01,90.42999999999999,174.02,1,1,0,0.0,2025-11-30,100,2026-03-10 09:14:50.676038
CUST_000378,23,7211.159999999999,313.5286956521739,1395.59,3,3,5,0.21739130434782608,2026-01-30,39,2026-03-10 09:14:50.677486
CUST_000379,16,4451.67,278.229375,1159.06,2,3,3,0.1875,2026-01-09,60,2026-03-10 09:14:50.679087
CUST_000380,7,440.7,62.957142857142856,165.01,1,1,0,0.0,2026-02-08,30,2026-03-10 09:14:50.680470
CUST_000381,15,2859.4999999999995,190.6333333333333,614.95,3,3,4,0.26666666666666666,2026-02-16,22,2026-03-10 09:14:50.681952
CUST_000382,7,560.15,80.02142857142857,129.52,0,1,3,0.42857142857142855,2026-01-26,43,2026-03-10 09:14:50.683503
CUST_000383,9,627.4200000000001,69.71333333333334,173.82,2,2,0,0.0,2026-01-13,56,2026-03-10 09:14:50.684871
CUST_000384,9,2146.0699999999997,238.4522222222222,1441.01,1,1,0,0.0,2026-03-03,7,2026-03-10 09:14:50.686277
CUST_000385,14,2500.72,178.62285714285713,683.21,1,2,5,0.35714285714285715,2026-02-12,26,2026-03-10 09:14:50.687870
CUST_000386,7,1093.49,156.21285714285713,395.75,0,1,2,0.2857142857142857,2026-01-04,65,2026-03-10 09:14:50.689542
CUST_000387,4,627.4699999999999,156.86749999999998,341.39,0,1,0,0.0,2026-02-01,37,2026-03-10 09:14:50.691891
CUST_000388,4,407.63,101.9075,168.71,1,1,1,0.25,2026-01-02,67,2026-03-10 09:14:50.693377
CUST_000389,8,1103.12,137.89,546.13,1,2,1,0.125,2026-01-21,48,2026-03-10 09:14:50.694963
CUST_000390,7,1215.8400000000001,173.6914285714286,376.3,1,2,0,0.0,2026-02-08,30,2026-03-10 09:14:50.696513
CUST_000391,4,437.79,109.4475,184.57,0,1,0,0.0,2026-03-06,4,2026-03-10 09:14:50.698046
CUST_000392,6,1519.4599999999998,253.2433333333333,561.11,1,1,0,0.0,2026-02-24,14,2026-03-10 09:14:50.699533
CUST_000393,8,1506.2900000000002,188.28625000000002,756.86,1,1,0,0.0,2025-11-27,103,2026-03-10 09:14:50.700943
CUST_000394,8,735.86,91.9825,176.4,1,1,1,0.125,2026-02-25,13,2026-03-10 09:14:50.702402
CUST_000395,11,2589.12,235.37454545454545,1211.04,1,2,0,0.0,2026-01-11,58,2026-03-10 09:14:50.704007
CUST_000396,5,1175.2000000000003,235.04000000000005,843.46,1,1,0,0.0,2025-10-12,149,2026-03-10 09:14:50.705372
CUST_000397,17,1956.8000000000002,115.1058823529412,296.83,1,3,6,0.35294117647058826,2026-02-22,16,2026-03-10 09:14:50.709400
CUST_000398,8,2436.16,304.52,837.05,1,1,0,0.0,2026-01-15,54,2026-03-10 09:14:50.712651
CUST_000399,8,1402.9,175.3625,465.27,1,1,0,0.0,2026-01-29,40,2026-03-10 09:14:50.715136
CUST_000400,19,3959.53,208.3963157894737,1383.65,2,2,3,0.15789473684210525,2026-01-25,44,2026-03-10 09:14:50.716682
CUST_000401,8,1628.9699999999998,203.62124999999997,926.06,1,2,1,0.125,2026-02-18,20,2026-03-10 09:14:50.718322
CUST_000402,10,1661.0,166.1,813.55,1,1,2,0.2,2025-12-09,91,2026-03-10 09:14:50.719821
CUST_000403,11,4037.23,367.0209090909091,1326.61,1,2,1,0.09090909090909091,2025-12-20,80,2026-03-10 09:14:50.721451
CUST_000404,15,4812.579999999999,320.8386666666666,1369.5,2,2,3,0.2,2026-02-15,23,2026-03-10 09:14:50.723099
CUST_000405,14,1332.8200000000002,95.20142857142858,191.64,2,3,2,0.14285714285714285,2026-02-25,13,2026-03-10 09:14:50.725033
CUST_000406,6,777.29,129.54833333333332,441.76,1,1,0,0.0,2026-02-16,22,2026-03-10 09:14:50.726475
CUST_000407,6,963.8499999999999,160.64166666666665,421.92,0,1,0,0.0,2026-02-20,18,2026-03-10 09:14:50.728000
CUST_000408,15,3143.37,209.558,1238.54,1,2,3,0.2,2026-03-07,3,2026-03-10 09:14:50.729621
CUST_000409,6,1056.78,176.13,380.25,1,1,0,0.0,2025-12-11,89,2026-03-10 09:14:50.731013
CUST_000410,11,789.15,71.74090909090908,162.13,2,3,2,0.18181818181818182,2026-02-26,12,2026-03-10 09:14:50.732608
CUST_000411,23,2914.91,126.73521739130435,640.69,1,3,2,0.08695652173913043,2026-03-08,2,2026-03-10 09:14:50.734218
CUST_000412,7,1967.8200000000002,281.1171428571429,1408.19,1,1,0,0.0,2026-02-22,16,2026-03-10 09:14:50.735633
CUST_000413,3,76.75,25.583333333333332,33.98,1,1,0,0.0,2026-01-22,47,2026-03-10 09:14:50.737017
CUST_000414,5,1042.73,208.546,854.82,1,1,0,0.0,2026-01-14,55,2026-03-10 09:14:50.738481
CUST_000415,15,2735.29,182.35266666666666,1281.09,2,2,2,0.13333333333333333,2026-03-07,3,2026-03-10 09:14:50.741213
CUST_000416,9,2592.0699999999997,288.00777777777773,859.43,1,1,1,0.1111111111111111,2026-02-14,24,2026-03-10 09:14:50.742814
CUST_000417,14,2100.7300000000005,150.05214285714288,686.12,2,2,5,0.35714285714285715,2026-02-26,12,2026-03-10 09:14:50.744266
CUST_000418,4,797.1800000000001,199.29500000000002,563.35,1,1,1,0.25,2025-12-21,79,2026-03-10 09:14:50.745740
CUST_000419,6,1569.3899999999999,261.565,1099.77,1,1,1,0.16666666666666666,2026-01-06,63,2026-03-10 09:14:50.747221
CUST_000420,5,1093.38,218.67600000000002,846.86,0,1,1,0.2,2025-12-18,82,2026-03-10 09:14:50.748815
CUST_000421,17,4004.7599999999998,235.5741176470588,1247.21,1,2,2,0.11764705882352941,2026-03-09,1,2026-03-10 09:14:50.750454
CUST_000422,4,979.62,244.905,714.99,0,1,2,0.5,2026-02-25,13,2026-03-10 09:14:50.752056
CUST_000423,5,1956.6099999999997,391.32199999999995,894.01,1,1,0,0.0,2026-03-01,9,2026-03-10 09:14:50.753491
CUST_000424,18,2407.6699999999996,133.75944444444443,958.43,2,3,3,0.16666666666666666,2026-03-02,8,2026-03-10 09:14:50.755159
CUST_000425,16,3583.0,223.9375,1289.24,2,2,2,0.125,2026-01-30,39,2026-03-10 09:14:50.756928
CUST_000426,9,1203.9699999999998,133.7744444444444,941.08,0,1,0,0.0,2026-02-21,17,2026-03-10 09:14:50.758444
CUST_000427,6,1208.14,201.35666666666668,632.69,0,1,3,0.5,2026-02-01,37,2026-03-10 09:14:50.760024
CUST_000428,14,2301.6799999999994,164.40571428571425,1185.27,1,2,3,0.21428571428571427,2026-02-16,22,2026-03-10 09:14:50.761709
CUST_000429,13,2939.3500000000004,226.10384615384618,1282.52,1,2,4,0.3076923076923077,2026-02-16,22,2026-03-10 09:14:50.763350
CUST_000430,6,1791.3,298.55,1333.06,0,1,1,0.16666666666666666,2025-12-15,85,2026-03-10 09:14:50.764933
CUST_000431,6,647.75,107.95833333333333,153.03,1,1,2,0.3333333333333333,2026-02-26,12,2026-03-10 09:14:50.766372
CUST_000432,3,834.23,278.07666666666665,605.32,0,1,0,0.0,2026-02-21,17,2026-03-10 09:14:50.767899
CUST_000433,19,2719.13,143.1121052631579,463.26,1,2,3,0.15789473684210525,2026-02-22,16,2026-03-10 09:14:50.769514
CUST_000434,25,6921.049999999999,276.842,1411.96,1,3,6,0.24,2026-02-24,14,2026-03-10 09:14:50.771143
CUST_000435,7,1181.08,168.72571428571428,290.47,1,1,2,0.2857142857142857,2026-02-24,14,2026-03-10 09:14:50.773045
CUST_000436,11,2392.17,217.47,1378.92,2,2,2,0.18181818181818182,2026-03-03,7,2026-03-10 09:14:50.774551
CUST_000437,4,439.82,109.955,156.04,1,1,1,0.25,2025-12-09,91,2026-03-10 09:14:50.776011
CUST_000438,7,912.37,130.33857142857144,336.7,1,1,1,0.14285714285714285,2026-02-11,27,2026-03-10 09:14:50.777499
CUST_000439,11,1573.5000000000002,143.04545454545456,319.87,0,1,1,0.09090909090909091,2026-03-09,1,2026-03-10 09:14:50.779038
CUST_000440,5,1804.9499999999998,360.98999999999995,1272.43,1,1,1,0.2,2026-03-06,4,2026-03-10 09:14:50.780469
CUST_000441,18,4215.46,234.19222222222223,1451.72,1,2,2,0.1111111111111111,2026-02-27,11,2026-03-10 09:14:50.782060
CUST_000442,6,823.8,137.29999999999998,196.07,0,1,1,0.16666666666666666,2025-12-04,96,2026-03-10 09:14:50.783598
CUST_000443,8,1040.03,130.00375,252.89,1,2,2,0.25,2026-02-23,15,2026-03-10 09:14:50.785190
CUST_000444,5,1216.57,243.314,962.0,0,1,1,0.2,2026-02-08,30,2026-03-10 09:14:50.786757
CUST_000445,16,2430.5299999999997,151.90812499999998,891.85,1,3,1,0.0625,2026-02-20,18,2026-03-10 09:14:50.788435
CUST_000446,13,1040.94,80.0723076923077,196.25,1,2,1,0.07692307692307693,2026-01-31,38,2026-03-10 09:14:50.791005
CUST_000447,2,41.519999999999996,20.759999999999998,25.3,0,1,0,0.0,2026-01-05,64,2026-03-10 09:14:50.792906
CUST_000448,11,1898.3600000000001,172.57818181818183,497.83,0,2,3,0.2727272727272727,2026-02-26,12,2026-03-10 09:14:50.794694
CUST_000449,6,489.25,81.54166666666667,148.16,1,1,1,0.16666666666666666,2025-10-04,157,2026-03-10 09:14:50.796239
CUST_000450,9,637.93,70.88111111111111,175.94,0,2,2,0.2222222222222222,2026-02-26,12,2026-03-10 09:14:50.797873
CUST_000451,8,1246.14,155.7675,559.85,0,1,0,0.0,2026-03-06,4,2026-03-10 09:14:50.799455
CUST_000452,6,846.4200000000001,141.07000000000002,389.85,1,2,2,0.3333333333333333,2026-02-16,22,2026-03-10 09:14:50.801058
CUST_000453,6,659.7500000000001,109.95833333333336,185.31,0,1,2,0.3333333333333333,2026-03-08,2,2026-03-10 09:14:50.802626
CUST_000454,10,1198.75,119.875,188.33,1,2,4,0.4,2026-01-28,41,2026-03-10 09:14:50.804228
CUST_000455,16,2291.9,143.24375,373.45,2,2,2,0.125,2026-03-09,1,2026-03-10 09:14:50.805683
CUST_000456,12,2420.4700000000003,201.70583333333335,476.98,1,2,4,0.3333333333333333,2026-02-07,31,2026-03-10 09:14:50.808353
CUST_000457,7,2478.1,354.0142857142857,1067.62,1,2,4,0.5714285714285714,2026-02-08,30,2026-03-10 09:14:50.812998
CUST_000458,9,864.92,96.10222222222222,182.16,0,2,2,0.2222222222222222,2026-01-11,58,2026-03-10 09:14:50.817126
CUST_000459,6,1515.9900000000002,252.66500000000005,703.57,1,1,0,0.0,2026-01-16,53,2026-03-10 09:14:50.819745
CUST_000460,7,2414.48,344.92571428571426,1314.28,1,2,0,0.0,2026-03-05,5,2026-03-10 09:14:50.821997
CUST_000461,16,3658.9399999999996,228.68374999999997,1401.56,2,2,3,0.1875,2026-03-08,2,2026-03-10 09:14:50.824168
CUST_000462,26,2585.1,99.42692307692307,298.28,1,3,3,0.11538461538461539,2026-03-06,4,2026-03-10 09:14:50.825903
CUST_000463,4,390.90999999999997,97.72749999999999,276.83,0,1,1,0.25,2026-03-03,7,2026-03-10 09:14:50.828143
CUST_000464,6,1217.64,202.94000000000003,491.67,0,1,1,0.16666666666666666,2026-02-10,28,2026-03-10 09:14:50.829758
CUST_000465,11,1783.8899999999999,162.17181818181817,427.52,1,1,2,0.18181818181818182,2026-03-09,1,2026-03-10 09:14:50.831216
CUST_000466,14,1418.6399999999999,101.33142857142856,218.57,2,2,1,0.07142857142857142,2026-03-02,8,2026-03-10 09:14:50.832663
CUST_000467,4,520.42,130.105,234.29,1,1,1,0.25,2025-12-11,89,2026-03-10 09:14:50.834135
CUST_000468,21,5306.89,252.70904761904762,1060.47,1,3,2,0.09523809523809523,2026-02-26,12,2026-03-10 09:14:50.835867
CUST_000469,21,4613.929999999999,219.71095238095236,1248.37,1,3,2,0.09523809523809523,2026-02-28,10,2026-03-10 09:14:50.837523
CUST_000470,9,847.67,94.18555555555555,163.61,1,1,0,0.0,2026-02-19,19,2026-03-10 09:14:50.839057
CUST_000471,2,1492.3000000000002,746.1500000000001,1343.42,1,1,0,0.0,2025-11-08,122,2026-03-10 09:14:50.840989
CUST_000472,6,634.27,105.71166666666666,196.62,1,1,1,0.16666666666666666,2026-01-21,48,2026-03-10 09:14:50.843352
CUST_000473,3,163.14,54.379999999999995,119.21,1,1,1,0.3333333333333333,2025-11-13,117,2026-03-10 09:14:50.845092
CUST_000474,21,2512.93,119.66333333333333,459.52,1,3,7,0.3333333333333333,2026-02-22,16,2026-03-10 09:14:50.846773
CUST_000475,5,1993.8200000000002,398.764,1251.54,1,1,0,0.0,2025-10-30,131,2026-03-10 09:14:50.848186
CUST_000476,7,1411.1399999999999,201.59142857142857,903.11,0,1,1,0.14285714285714285,2026-02-06,32,2026-03-10 09:14:50.849733
CUST_000477,16,1400.75,87.546875,498.27,2,2,1,0.0625,2026-02-26,12,2026-03-10 09:14:50.851150
CUST_000478,9,1362.8899999999999,151.4322222222222,406.71,1,1,0,0.0,2026-02-02,36,2026-03-10 09:14:50.852531
CUST_000479,24,3041.8199999999997,126.74249999999999,493.81,3,3,8,0.3333333333333333,2026-02-13,25,2026-03-10 09:14:50.853981
CUST_000480,29,4739.830000000001,163.44241379310347,998.36,2,3,9,0.3103448275862069,2026-03-05,5,2026-03-10 09:14:50.855585
CUST_000481,2,117.88999999999999,58.94499999999999,81.46,1,1,1,0.5,2025-07-10,243,2026-03-10 09:14:50.858039
CUST_000482,5,662.96,132.592,189.47,1,1,1,0.2,2025-11-12,118,2026-03-10 09:14:50.859902
CUST_000483,4,1079.1899999999998,269.79749999999996,825.31,0,1,1,0.25,2025-11-29,101,2026-03-10 09:14:50.862118
CUST_000484,11,1084.1799999999998,98.56181818181817,179.06,1,2,2,0.18181818181818182,2026-03-01,9,2026-03-10 09:14:50.863928
CUST_000485,2,306.76,153.38,205.57,0,1,0,0.0,2025-04-01,343,2026-03-10 09:14:50.865475
CUST_000486,7,791.41,113.05857142857143,273.48,1,1,1,0.14285714285714285,2026-01-01,68,2026-03-10 09:14:50.866941
CUST_000487,6,305.64,50.94,108.03,1,1,0,0.0,2026-02-09,29,2026-03-10 09:14:50.868352
CUST_000488,6,324.07000000000005,54.01166666666668,143.74,2,2,0,0.0,2026-01-31,38,2026-03-10 09:14:50.869719
CUST_000489,11,1420.1000000000001,129.10000000000002,315.96,1,2,1,0.09090909090909091,2025-12-19,81,2026-03-10 09:14:50.871329
CUST_000490,10,2888.51,288.851,1415.76,1,1,0,0.0,2026-01-20,49,2026-03-10 09:14:50.872776
CUST_000491,21,3807.8900000000003,181.32809523809524,1081.43,3,3,2,0.09523809523809523,2026-02-21,17,2026-03-10 09:14:50.874676
CUST_000492,5,1079.29,215.858,534.17,1,1,2,0.4,2026-02-21,17,2026-03-10 09:14:50.876447
CUST_000493,4,402.46999999999997,100.61749999999999,162.62,0,1,0,0.0,2026-03-05,5,2026-03-10 09:14:50.878325
CUST_000494,7,2018.9699999999998,288.4242857142857,1270.85,1,1,1,0.14285714285714285,2026-01-21,48,2026-03-10 09:14:50.879940
CUST_000495,5,644.4,128.88,176.72,1,1,1,0.2,2026-01-28,41,2026-03-10 09:14:50.881388
CUST_000496,11,2045.48,185.9527272727273,1165.86,2,2,1,0.09090909090909091,2026-02-11,27,2026-03-10 09:14:50.882802
CUST_000497,2,1088.12,544.06,929.54,1,1,0,0.0,2025-11-02,128,2026-03-10 09:14:50.884191
CUST_000498,13,2052.6200000000003,157.89384615384617,397.38,2,2,4,0.3076923076923077,2026-02-23,15,2026-03-10 09:14:50.885663
CUST_000499,15,1765.9499999999998,117.72999999999999,477.07,2,2,0,0.0,2026-02-04,34,2026-03-10 09:14:50.887113
CUST_000500,14,1949.9899999999998,139.285,389.86,3,3,5,0.35714285714285715,2026-02-07,31,2026-03-10 09:14:50.888608
